Season,Age,Games,Minutes Per Game,FG Per Game,FG Attempts Per Game,FG %,3PT Per Game,3PT Attempts Per Game,3PT %,2PT Per Game,2PT Attempts Per Game,2PT %,Effective FG%,FT Per Game,FT Attempts Per Game,FT %,Offensive Reb Per Game,Defensive Reb Per Game,Total Reb Per Game,Assists Per Game,Steals Per Game,Blocks Per Game,Turnovers Per Game,Fouls Per Game,Points Per Game,PER,True Shooting,Total Rebounding %,Assist %,Steal %,Block %,Turnover %,Usage %,Win Shares,Offensive Box +/-,Defensive Box +/-,Box +/-,VORP,Wins Over Replacement,All-Star Games,MVP Trophy,MVP Placing,Shares of MVP Votes,Playoff Appearance,NBA Championship,Player Nickname
1979,20,77,36.3,6.5,12.3,0.53,0.1,0.4,0.226,6.4,11.9,0.54,0.534,4.9,6.0,0.81,2.2,5.6,7.7,7.3,2.4,0.5,4.0,2.8,18.0,20.6,0.602,11.6,0.252,3.1,0.008,0.209,0.209,10.5,3.3,2.2,5.5,5.3,14.31,1,0,0,0.0,1,1,Magic
1981,22,78,38.3,7.1,13.3,0.537,0.1,0.4,0.207,7.1,12.9,0.546,0.54,4.2,5.6,0.76,3.2,6.4,9.6,9.5,2.7,0.4,3.7,2.9,18.6,22.9,0.59,13.7,0.31,3.2,0.006,0.18899999999999997,0.201,12.9,5.1,3.2,8.3,7.8,21.06,1,0,8,0.097,1,1,Magic
1982,23,79,36.8,6.5,11.8,0.5479999999999999,0.0,0.3,0.0,6.5,11.5,0.56,0.5479999999999999,3.8,4.8,0.8,2.7,5.9,8.6,10.5,2.2,0.6,3.8,2.5,16.8,23.0,0.603,13.0,0.344,2.8,0.009000000000000001,0.215,0.19,12.5,5.1,2.3,7.4,6.9,18.630000000000006,1,0,3,0.406,1,0,Magic
1983,24,67,38.3,6.6,11.6,0.565,0.1,0.4,0.207,6.5,11.2,0.579,0.569,4.3,5.3,0.81,1.5,5.9,7.3,13.1,2.2,0.7,4.6,2.5,17.6,22.6,0.628,10.8,0.425,2.7,0.01,0.24600000000000002,0.195,10.2,4.1,1.9,6.1,5.2,14.04,1,0,3,0.401,1,0,Magic
1984,25,77,36.1,6.5,11.7,0.561,0.1,0.5,0.189,6.5,11.2,0.5770000000000001,0.565,5.1,6.0,0.843,1.2,5.0,6.2,12.6,1.5,0.3,4.0,2.0,18.3,23.2,0.637,9.7,0.425,1.9,0.005,0.217,0.205,12.7,4.9,0.5,5.4,5.2,14.04,1,0,2,0.338,1,1,Magic
1985,26,72,35.8,6.7,12.8,0.526,0.1,0.6,0.233,6.6,12.2,0.541,0.532,5.3,6.0,0.871,1.2,4.7,5.9,12.6,1.6,0.2,3.8,1.8,18.8,24.0,0.61,9.4,0.451,2.0,0.003,0.198,0.21600000000000003,12.1,5.3,0.7,5.9,5.2,14.04,1,0,3,0.263,1,0,Magic
1986,27,80,36.3,8.5,16.4,0.522,0.1,0.5,0.205,8.4,15.9,0.532,0.525,6.7,7.9,0.848,1.5,4.8,6.3,12.2,1.7,0.5,3.8,2.1,23.9,27.0,0.602,9.7,0.47200000000000003,2.2,0.006999999999999999,0.159,0.263,15.9,7.2,0.9,8.1,7.4,19.980000000000004,1,1,1,0.94,1,1,Magic
1987,28,72,36.6,6.8,13.8,0.4920000000000001,0.2,0.8,0.196,6.7,13.1,0.51,0.4970000000000001,5.8,6.8,0.853,1.2,5.0,6.2,11.9,1.6,0.2,3.7,2.0,19.6,23.1,0.581,9.7,0.45399999999999996,2.1,0.003,0.182,0.23399999999999999,10.9,4.7,0.6,5.3,4.9,13.230000000000002,1,0,3,0.635,1,1,Magic
1988,29,77,37.5,7.5,14.8,0.509,0.8,2.4,0.314,6.8,12.3,0.5479999999999999,0.535,6.7,7.3,0.911,1.4,6.4,7.9,12.8,1.8,0.3,4.1,2.2,22.5,26.9,0.625,11.7,0.486,2.3,0.004,0.184,0.243,16.1,7.9,1.4,9.3,8.2,22.14,1,1,1,0.762,1,0,Magic
1989,30,79,37.2,6.9,14.4,0.48,1.3,3.5,0.384,5.6,10.9,0.51,0.526,7.2,8.1,0.89,1.6,5.0,6.6,11.5,1.7,0.4,3.7,2.1,22.3,26.6,0.622,10.2,0.455,2.2,0.006999999999999999,0.16899999999999998,0.248,16.5,8.6,1.0,9.5,8.5,22.95000000000001,1,1,1,0.691,1,0,Magic
1990,31,79,37.1,5.9,12.4,0.477,1.0,3.2,0.32,4.9,9.2,0.532,0.518,6.6,7.3,0.906,1.3,5.6,7.0,12.5,1.3,0.2,4.0,1.9,19.4,25.1,0.623,10.9,0.493,1.8,0.003,0.204,0.22899999999999998,15.4,7.1,1.2,8.3,7.6,20.52,1,0,2,0.518,1,0,Magic
1979,23,82,36.0,8.5,17.8,0.474,0.7,1.7,0.406,7.7,16.1,0.481,0.494,3.7,4.4,0.836,2.6,7.8,10.4,4.5,1.7,0.6,3.2,3.4,21.3,20.5,0.5379999999999999,16.0,0.185,2.3,0.01,0.14,0.253,11.2,2.7,2.6,5.3,5.4,14.580000000000002,1,0,4,0.068,1,0,Bird
1980,24,82,39.5,8.8,18.3,0.478,0.2,0.9,0.27,8.5,17.4,0.489,0.485,3.5,4.0,0.863,2.3,8.6,10.9,5.5,2.0,0.8,3.5,2.9,21.2,19.9,0.528,15.7,0.204,2.4,0.011000000000000001,0.149,0.243,10.8,2.1,3.0,5.1,5.8,15.66,1,0,2,0.613,1,1,Bird
1981,25,77,38.0,9.2,18.4,0.503,0.1,0.7,0.212,9.1,17.7,0.514,0.507,4.3,4.9,0.863,2.6,8.3,10.9,5.8,1.9,0.9,3.3,3.2,22.9,22.6,0.557,15.8,0.225,2.3,0.012,0.138,0.252,12.5,4.1,3.3,7.5,7.0,18.9,1,0,2,0.588,1,0,Bird
1982,26,79,37.7,9.5,18.7,0.504,0.3,1.0,0.28600000000000003,9.2,17.8,0.516,0.512,4.4,5.3,0.84,2.4,8.6,11.0,5.8,1.9,0.9,3.0,2.5,23.6,24.1,0.561,15.7,0.22399999999999998,2.3,0.013000000000000001,0.126,0.25,14.0,4.7,2.9,7.6,7.2,19.44,1,0,2,0.485,1,0,Bird
1983,27,79,38.3,9.6,19.5,0.4920000000000001,0.2,0.9,0.247,9.4,18.6,0.504,0.4970000000000001,4.7,5.3,0.888,2.3,7.8,10.1,6.6,1.8,0.9,3.0,2.5,24.2,24.2,0.552,14.9,0.262,2.3,0.013000000000000001,0.121,0.267,13.6,4.7,3.0,7.8,7.4,19.980000000000004,1,1,1,0.858,1,1,Bird
1984,28,80,39.5,11.5,22.0,0.522,0.7,1.6,0.4270000000000001,10.8,20.4,0.529,0.5379999999999999,5.0,5.7,0.882,2.1,8.5,10.5,6.6,1.6,1.2,3.1,2.6,28.7,26.5,0.585,14.7,0.257,1.9,0.017,0.11199999999999999,0.285,15.7,6.1,2.4,8.5,8.4,22.680000000000003,1,1,1,0.978,1,0,Bird
1985,29,82,38.0,9.7,19.6,0.496,1.0,2.4,0.423,8.7,17.2,0.506,0.521,5.4,6.0,0.8959999999999999,2.3,7.5,9.8,6.8,2.0,0.6,3.2,2.2,25.8,25.6,0.58,14.2,0.263,2.5,0.009000000000000001,0.127,0.276,15.8,6.4,2.8,9.1,8.7,23.49,1,1,1,0.981,1,1,Bird
1986,30,74,40.6,10.6,20.2,0.525,1.2,3.0,0.4,9.4,17.2,0.547,0.555,5.6,6.1,0.91,1.7,7.5,9.2,7.6,1.8,0.9,3.2,2.5,28.1,26.4,0.612,12.8,0.28600000000000003,2.2,0.013000000000000001,0.124,0.275,15.2,7.1,2.1,9.2,8.5,22.95000000000001,1,0,3,0.34700000000000003,1,0,Bird
1987,31,76,39.0,11.6,22.0,0.527,1.3,3.1,0.414,10.3,18.9,0.546,0.556,5.5,6.0,0.916,1.4,7.8,9.3,6.1,1.6,0.8,2.8,2.1,29.9,27.8,0.608,14.0,0.257,2.1,0.011000000000000001,0.102,0.302,15.0,7.5,1.3,8.8,8.1,21.87,1,0,2,0.659,1,0,Bird
1989,33,75,39.3,9.6,20.2,0.473,0.9,2.6,0.333,8.7,17.6,0.494,0.495,4.3,4.6,0.93,1.2,8.3,9.5,7.5,1.4,0.8,3.2,2.3,24.3,21.9,0.546,13.4,0.289,1.8,0.012,0.127,0.27399999999999997,9.5,3.9,2.2,6.1,6.1,16.47,1,0,10,0.005,1,0,Bird
1990,34,60,38.0,7.7,17.0,0.454,1.3,3.3,0.389,6.4,13.7,0.47,0.4920000000000001,2.7,3.1,0.8909999999999999,0.9,7.6,8.5,7.2,1.8,1.0,3.1,2.0,19.4,19.7,0.53,12.3,0.259,2.3,0.015,0.146,0.237,6.6,2.4,2.3,4.7,3.8,10.26,1,0,9,0.026,1,0,Bird
1991,35,45,36.9,7.8,16.8,0.466,1.2,2.8,0.406,6.7,14.0,0.478,0.5,3.3,3.6,0.926,1.0,8.6,9.6,6.8,0.9,0.7,2.8,1.8,20.2,21.0,0.547,14.4,0.26899999999999996,1.3,0.012,0.131,0.247,5.5,3.3,2.2,5.5,3.1,8.370000000000001,1,0,14,0.003,1,0,Bird
1982,21,81,38.2,9.0,19.0,0.472,0.4,1.5,0.28800000000000003,8.5,17.4,0.488,0.483,4.5,6.4,0.71,1.3,2.8,4.0,7.8,2.5,0.4,4.0,3.9,22.9,18.9,0.525,5.5,0.303,2.9,0.005,0.156,0.261,7.4,3.1,-0.7,2.4,3.4,9.18,1,0,16,0.005,0,0,Zeke
1983,22,82,36.7,8.2,17.7,0.462,0.3,0.8,0.338,7.9,16.9,0.468,0.47,4.7,6.5,0.733,1.3,2.7,4.0,11.1,2.5,0.4,3.7,4.0,21.3,20.9,0.52,5.8,0.415,3.1,0.006,0.154,0.254,9.1,4.2,0.0,4.3,4.7,12.69,1,0,5,0.151,1,0,Zeke
1984,23,81,38.1,8.0,17.4,0.458,0.4,1.4,0.257,7.6,16.0,0.476,0.468,4.9,6.1,0.809,1.4,3.0,4.5,13.9,2.3,0.3,3.7,3.6,21.2,22.2,0.529,6.1,0.479,2.8,0.004,0.157,0.24,11.2,5.2,0.0,5.2,5.6,15.12,1,0,9,0.081,1,0,Zeke
1985,24,77,36.2,7.9,16.2,0.488,0.3,1.1,0.31,7.6,15.1,0.501,0.498,4.7,6.0,0.79,1.1,2.5,3.6,10.8,2.2,0.3,3.8,3.2,20.9,21.2,0.5539999999999999,5.3,0.40700000000000003,2.8,0.004,0.166,0.244,8.8,4.5,-0.5,4.0,4.3,11.61,1,0,9,0.036000000000000004,1,0,Zeke
1986,25,81,37.2,7.7,16.7,0.463,0.2,1.2,0.194,7.5,15.5,0.484,0.47,4.9,6.4,0.768,1.0,2.9,3.9,10.0,1.9,0.2,4.2,3.1,20.6,18.8,0.528,5.7,0.39299999999999996,2.4,0.004,0.17800000000000002,0.259,7.6,2.8,0.2,3.0,3.8,10.26,1,0,8,0.022,1,0,Zeke
1987,26,81,36.1,7.7,16.6,0.463,0.4,1.2,0.309,7.3,15.4,0.475,0.474,3.8,4.9,0.774,0.8,2.6,3.4,8.4,1.7,0.2,3.4,2.7,19.5,18.2,0.521,5.3,0.35,2.4,0.003,0.153,0.254,7.6,2.4,0.1,2.5,3.3,8.91,1,0,12,0.004,1,0,Zeke
1988,27,80,36.6,7.1,15.3,0.464,0.4,1.5,0.273,6.7,13.8,0.485,0.477,3.6,4.4,0.818,0.6,2.8,3.4,8.3,1.7,0.3,3.7,2.6,18.2,17.1,0.528,5.3,0.34299999999999997,2.3,0.004,0.177,0.24600000000000002,7.0,1.7,0.5,2.2,3.1,8.370000000000001,1,0,17,0.001,1,1,Zeke
1989,28,81,37.0,7.1,16.3,0.438,0.5,1.7,0.309,6.6,14.6,0.453,0.454,3.6,4.7,0.775,0.9,2.9,3.8,9.4,1.7,0.2,4.0,2.5,18.4,17.3,0.501,5.9,0.39399999999999996,2.4,0.004,0.17800000000000002,0.26,6.7,1.6,0.9,2.5,3.4,9.18,1,0,13,0.001,1,1,Zeke
1990,29,48,34.5,6.0,13.9,0.435,0.4,1.4,0.292,5.6,12.5,0.45,0.449,3.7,4.8,0.782,0.7,2.6,3.3,9.3,1.6,0.2,3.9,2.5,16.2,17.4,0.507,5.5,0.426,2.4,0.004,0.195,0.252,3.4,1.6,0.2,1.8,1.6,4.32,1,0,13,0.011,1,0,Zeke
1991,30,78,37.4,7.2,16.2,0.446,0.3,1.1,0.29100000000000004,6.9,15.1,0.458,0.456,3.7,4.8,0.772,0.9,2.3,3.2,7.2,1.5,0.2,3.2,2.5,18.5,16.0,0.505,4.8,0.313,2.1,0.003,0.15,0.253,5.8,1.0,-0.2,0.8,2.1,5.670000000000001,1,0,0,0.0,1,0,Zeke
1992,31,79,37.0,6.7,15.9,0.418,0.8,2.5,0.308,5.9,13.4,0.439,0.442,3.5,4.8,0.737,0.9,2.0,2.9,8.5,1.6,0.2,3.6,2.8,17.6,15.4,0.488,4.4,0.35600000000000004,2.2,0.004,0.166,0.251,3.7,1.0,-0.8,0.2,1.6,4.32,1,0,0,0.0,0,0,Zeke
1993,32,58,30.2,5.5,13.2,0.417,0.7,2.2,0.31,4.8,11.0,0.438,0.442,3.1,4.4,0.7020000000000001,0.8,1.9,2.7,6.9,1.2,0.1,3.5,2.2,14.8,15.2,0.488,5.0,0.36700000000000005,2.0,0.002,0.187,0.27,0.2,0.3,-2.4,-2.0,0.0,0.0,0,0,0,0.0,0,0,Zeke
1984,21,82,38.3,10.2,19.8,0.515,0.1,0.6,0.173,10.1,19.2,0.526,0.518,7.7,9.1,0.845,2.0,4.5,6.5,5.9,2.4,0.8,3.5,3.5,28.2,25.8,0.5920000000000001,9.8,0.253,3.0,0.013000000000000001,0.13,0.298,14.0,6.8,1.4,8.2,8.1,21.87,1,0,6,0.172,1,1,Air Jordan
1986,23,82,40.0,13.4,27.8,0.482,0.1,0.8,0.182,13.2,27.0,0.491,0.484,10.2,11.9,0.857,2.0,3.2,5.2,4.6,2.9,1.5,3.3,2.9,37.1,29.8,0.562,7.4,0.222,3.6,0.023,0.091,0.38299999999999995,16.9,8.0,0.6,8.6,8.8,23.760000000000005,1,0,2,0.5670000000000001,1,1,Air Jordan
1987,24,82,40.4,13.0,24.4,0.535,0.1,0.6,0.132,13.0,23.7,0.546,0.537,8.8,10.5,0.841,1.7,3.8,5.5,5.9,3.2,1.6,3.1,3.3,35.0,31.7,0.603,7.8,0.27,3.9,0.024,0.096,0.341,21.2,9.8,2.3,12.2,11.8,31.86000000000001,1,0,1,0.831,1,1,Air Jordan
1988,25,81,40.2,11.9,22.2,0.5379999999999999,0.3,1.2,0.276,11.6,21.0,0.5529999999999999,0.546,8.3,9.8,0.85,1.8,6.2,8.0,8.0,2.9,0.8,3.6,3.0,32.5,31.1,0.614,11.6,0.34700000000000003,3.6,0.012,0.11900000000000001,0.321,19.8,9.8,2.7,12.6,12.0,32.40000000000001,1,0,2,0.7040000000000001,1,1,Air Jordan
1989,26,82,39.0,12.6,24.0,0.526,1.1,3.0,0.376,11.5,21.0,0.5479999999999999,0.55,7.2,8.5,0.848,1.7,5.1,6.9,6.3,2.8,0.7,3.0,2.9,33.6,31.2,0.606,10.4,0.28600000000000003,3.5,0.011000000000000001,0.098,0.337,19.0,9.7,0.8,10.6,10.1,27.27,1,0,3,0.613,1,1,Air Jordan
1990,27,82,37.0,12.1,22.4,0.539,0.4,1.1,0.312,11.7,21.3,0.551,0.547,7.0,8.2,0.851,1.4,4.6,6.0,5.5,2.7,1.0,2.5,2.8,31.5,31.6,0.605,9.5,0.252,3.7,0.017,0.087,0.32899999999999996,20.3,8.9,1.8,10.8,9.8,26.460000000000004,1,1,1,0.928,1,1,Air Jordan
1991,28,80,38.8,11.8,22.7,0.519,0.3,1.3,0.27,11.5,21.5,0.5329999999999999,0.526,6.1,7.4,0.8320000000000001,1.1,5.3,6.4,6.1,2.3,0.9,2.5,2.5,30.1,27.7,0.579,9.5,0.257,3.0,0.015,0.08800000000000001,0.317,17.7,6.9,1.7,8.6,8.3,22.410000000000004,1,1,1,0.938,1,1,Air Jordan
1992,29,78,39.3,12.7,25.7,0.495,1.0,2.9,0.35200000000000004,11.7,22.7,0.514,0.515,6.1,7.3,0.8370000000000001,1.7,5.0,6.7,5.5,2.8,0.8,2.7,2.4,32.6,29.7,0.564,9.8,0.252,3.7,0.013000000000000001,0.084,0.34700000000000003,17.2,8.3,1.2,9.5,8.9,24.03,1,0,3,0.5770000000000001,1,1,Air Jordan
1995,32,82,37.7,11.2,22.6,0.495,1.4,3.2,0.4270000000000001,9.8,19.4,0.506,0.525,6.7,8.0,0.8340000000000001,1.8,4.8,6.6,4.3,2.2,0.5,2.4,2.4,30.4,29.4,0.5820000000000001,10.2,0.212,3.1,0.01,0.084,0.33299999999999996,20.4,7.2,1.4,8.6,8.3,22.410000000000004,1,1,1,0.986,1,1,Air Jordan
1996,33,82,37.9,11.2,23.1,0.486,1.4,3.6,0.374,9.9,19.5,0.507,0.516,5.9,7.0,0.833,1.4,4.5,5.9,4.3,1.7,0.5,2.0,1.9,29.6,27.8,0.5670000000000001,8.8,0.212,2.4,0.011000000000000001,0.07200000000000001,0.332,18.3,6.5,0.2,6.7,6.8,18.36,1,0,2,0.8320000000000001,1,1,Air Jordan
1997,34,82,38.8,10.7,23.1,0.465,0.4,1.5,0.238,10.4,21.5,0.482,0.473,6.9,8.8,0.784,1.6,4.2,5.8,3.5,1.7,0.5,2.3,1.8,28.7,25.2,0.5329999999999999,8.5,0.18,2.4,0.01,0.077,0.337,15.8,4.6,0.0,4.6,5.3,14.31,1,1,1,0.934,1,1,Air Jordan
2001,38,60,34.9,9.2,22.1,0.416,0.2,0.9,0.189,9.0,21.2,0.426,0.42,4.4,5.6,0.79,0.8,4.8,5.7,5.2,1.4,0.4,2.7,2.0,22.9,20.7,0.468,9.4,0.308,2.2,0.009000000000000001,0.099,0.36,3.3,2.3,0.1,2.4,2.4,6.48,1,0,13,0.013,0,0,Air Jordan
2002,39,82,37.0,8.3,18.6,0.445,0.2,0.7,0.29100000000000004,8.1,18.0,0.45,0.45,3.2,4.0,0.821,0.9,5.2,6.1,3.8,1.5,0.5,2.1,2.1,20.0,19.3,0.491,9.7,0.21100000000000002,2.2,0.01,0.094,0.287,6.2,0.9,0.1,1.0,2.3,6.21,1,0,0,0.0,0,0,Air Jordan
1984,22,82,35.5,8.3,15.3,0.5379999999999999,0.0,0.0,0.0,8.3,15.3,0.5379999999999999,0.5379999999999999,4.1,6.7,0.613,5.4,6.5,11.9,1.4,1.2,2.7,2.9,4.2,20.6,21.1,0.564,18.7,0.053,1.6,0.043,0.135,0.235,10.2,2.0,1.4,3.4,4.0,10.8,1,0,12,0.015,1,0,Dream
1985,23,68,36.3,9.2,17.5,0.526,0.0,0.0,0.0,9.2,17.5,0.526,0.526,5.1,7.9,0.645,4.9,6.6,11.5,2.0,2.0,3.4,2.9,4.0,23.5,24.2,0.56,17.1,0.08,2.5,0.052000000000000005,0.12,0.256,9.5,2.8,2.5,5.3,4.6,12.42,1,0,4,0.247,1,0,Dream
1986,24,75,36.8,9.0,17.8,0.508,0.0,0.1,0.2,9.0,17.7,0.509,0.509,5.3,7.6,0.7020000000000001,4.2,7.2,11.4,2.9,1.9,3.4,3.0,3.9,23.4,23.8,0.5539999999999999,17.1,0.126,2.4,0.053,0.126,0.268,10.9,2.5,4.0,6.6,6.0,16.200000000000006,1,0,7,0.036000000000000004,1,0,Dream
1987,25,79,35.8,9.0,17.5,0.514,0.0,0.1,0.0,9.0,17.5,0.516,0.514,4.8,6.9,0.695,3.8,8.3,12.1,2.1,2.1,2.7,3.1,4.1,22.8,23.4,0.555,17.7,0.092,2.7,0.042,0.13,0.265,10.7,1.7,3.3,5.0,5.0,13.5,1,0,7,0.05,1,0,Dream
1988,26,82,36.9,9.6,19.0,0.508,0.0,0.1,0.0,9.6,18.9,0.511,0.508,5.5,8.0,0.696,4.1,9.4,13.5,1.8,2.6,3.4,3.4,4.0,24.8,25.2,0.552,19.8,0.08199999999999999,3.3,0.055,0.13,0.282,12.4,1.3,4.1,5.4,5.6,15.12,1,0,5,0.211,1,0,Dream
1989,27,82,38.1,9.8,19.6,0.501,0.0,0.1,0.16699999999999998,9.8,19.5,0.502,0.501,4.7,6.5,0.713,3.6,10.4,14.0,2.9,2.1,4.6,3.9,3.8,24.3,24.1,0.541,19.5,0.121,2.6,0.07,0.146,0.281,11.2,0.1,5.8,5.9,6.3,17.01,1,0,7,0.07,1,0,Dream
1990,28,56,36.8,8.7,17.1,0.508,0.0,0.1,0.0,8.7,17.1,0.51,0.508,3.8,4.9,0.769,3.9,9.8,13.8,2.3,2.2,3.9,3.1,3.9,21.2,24.3,0.5489999999999999,19.9,0.102,2.9,0.064,0.139,0.25,8.6,0.4,5.9,6.3,4.3,11.61,0,0,18,0.004,1,0,Dream
1991,29,70,37.7,8.4,16.8,0.502,0.0,0.0,0.0,8.4,16.8,0.503,0.502,4.7,6.1,0.7659999999999999,3.5,8.6,12.1,2.2,1.8,4.3,2.7,3.8,21.6,23.7,0.5529999999999999,17.8,0.099,2.4,0.068,0.12,0.256,9.8,0.7,4.3,5.0,4.7,12.69,1,0,0,0.0,0,0,Dream
1992,30,82,39.5,10.3,19.5,0.529,0.0,0.1,0.0,10.3,19.5,0.532,0.529,5.4,7.0,0.779,3.5,9.6,13.0,3.5,1.8,4.2,3.2,3.7,26.1,27.3,0.5770000000000001,18.7,0.158,2.4,0.065,0.124,0.28800000000000003,15.8,3.0,5.4,8.4,8.5,22.95000000000001,1,0,2,0.66,1,0,Dream
1993,31,80,41.0,11.2,21.2,0.528,0.1,0.2,0.421,11.1,20.9,0.529,0.53,4.9,6.8,0.716,2.9,9.1,11.9,3.6,1.6,3.7,3.4,3.6,27.3,25.3,0.565,16.2,0.16399999999999998,2.0,0.057,0.12300000000000001,0.298,14.3,2.2,4.7,7.0,7.4,19.980000000000004,1,1,1,0.88,1,1,Dream
1994,32,72,39.6,11.1,21.5,0.517,0.0,0.2,0.188,11.0,21.2,0.52,0.517,5.6,7.5,0.7559999999999999,2.4,8.4,10.8,3.5,1.8,3.4,3.3,3.5,27.8,26.0,0.563,15.6,0.172,2.4,0.059000000000000004,0.11699999999999999,0.317,10.7,1.3,4.0,5.3,5.3,14.31,1,0,5,0.14,1,1,Dream
1995,33,72,38.8,10.7,20.8,0.514,0.0,0.2,0.214,10.6,20.6,0.517,0.515,5.5,7.6,0.7240000000000001,2.4,8.4,10.9,3.6,1.6,2.9,3.4,3.4,26.9,25.5,0.5579999999999999,15.9,0.183,2.1,0.053,0.125,0.319,9.7,1.2,3.4,4.6,4.7,12.69,1,0,4,0.211,1,0,Dream
1996,34,78,36.6,9.3,18.3,0.51,0.1,0.2,0.313,9.3,18.1,0.512,0.512,4.5,5.7,0.787,2.2,7.0,9.2,3.0,1.5,2.2,3.6,3.2,23.2,22.7,0.5579999999999999,14.5,0.162,2.1,0.045,0.14800000000000002,0.304,9.1,-0.2,3.4,3.2,3.7,9.990000000000002,1,0,7,0.083,1,0,Dream
1997,35,47,34.7,6.5,13.5,0.483,0.0,0.1,0.0,6.5,13.4,0.486,0.483,3.4,4.5,0.755,2.5,7.3,9.8,3.0,1.8,2.0,2.7,3.2,16.4,20.8,0.531,16.7,0.158,2.7,0.040999999999999995,0.14800000000000002,0.237,4.5,0.1,3.6,3.6,2.3,6.21,0,0,0,0.0,1,0,Dream
1998,36,50,35.7,7.5,14.5,0.514,0.1,0.3,0.308,7.4,14.2,0.518,0.517,3.9,5.4,0.7170000000000001,2.1,7.4,9.6,1.8,1.6,2.5,2.8,3.2,18.9,23.1,0.5589999999999999,15.7,0.095,2.5,0.048,0.141,0.259,6.5,0.0,2.8,2.9,2.2,5.940000000000001,0,0,13,0.003,1,0,Dream
1999,37,44,23.8,4.4,9.6,0.458,0.0,0.0,0.0,4.4,9.5,0.461,0.458,1.6,2.5,0.616,1.5,4.8,6.2,1.4,0.9,1.6,1.7,2.0,10.3,16.7,0.484,14.6,0.102,2.0,0.044000000000000004,0.134,0.22699999999999998,1.6,-3.0,2.0,-1.0,0.3,0.81,0,0,0,0.0,0,0,Dream
2000,38,58,26.6,4.9,9.8,0.498,0.0,0.0,0.0,4.9,9.8,0.499,0.498,2.1,3.4,0.621,2.1,5.3,7.4,1.2,1.2,1.5,1.4,2.4,11.9,20.7,0.526,16.1,0.083,2.4,0.04,0.11,0.21899999999999997,5.0,-0.2,2.2,2.0,1.6,4.32,0,0,0,0.0,0,0,Dream
1992,20,81,37.9,9.0,16.1,0.562,0.0,0.0,0.0,9.0,16.1,0.563,0.562,5.3,8.9,0.5920000000000001,4.2,9.6,13.9,1.9,0.7,3.5,3.8,4.0,23.4,22.9,0.584,20.6,0.085,1.0,0.057,0.159,0.27,10.4,0.9,2.8,3.7,4.4,11.880000000000004,1,0,7,0.031,0,0,Shaq
1993,21,81,39.8,11.8,19.6,0.599,0.0,0.0,0.0,11.8,19.6,0.6,0.599,5.8,10.5,0.5539999999999999,4.7,8.5,13.2,2.4,0.9,2.9,2.7,3.5,29.3,28.5,0.605,18.7,0.11,1.2,0.045,0.102,0.29,16.9,5.4,1.2,6.6,7.1,19.17,1,0,4,0.28600000000000003,1,0,Shaq
1994,22,79,37.0,11.8,20.2,0.583,0.0,0.1,0.0,11.8,20.1,0.585,0.583,5.8,10.8,0.5329999999999999,4.2,7.3,11.4,2.7,0.9,2.4,2.6,3.3,29.3,28.6,0.588,17.6,0.133,1.3,0.045,0.094,0.319,14.0,4.5,0.9,5.4,5.4,14.580000000000002,1,0,2,0.5760000000000001,1,0,Shaq
1995,23,54,36.0,11.0,19.1,0.573,0.0,0.0,0.5,10.9,19.1,0.573,0.574,4.6,9.5,0.487,3.4,7.7,11.0,2.9,0.6,2.1,2.9,3.6,26.6,26.4,0.57,17.8,0.159,0.9,0.044000000000000004,0.11,0.32799999999999996,6.9,2.3,1.1,3.5,2.7,7.290000000000001,1,0,9,0.056,1,0,Shaq
1996,24,51,38.1,10.8,19.4,0.557,0.0,0.1,0.0,10.8,19.4,0.5589999999999999,0.557,4.5,9.4,0.484,3.8,8.7,12.5,3.1,0.9,2.9,2.9,3.5,26.2,27.1,0.556,18.8,0.17300000000000001,1.2,0.057999999999999996,0.10800000000000001,0.311,8.0,2.9,3.3,6.3,4.0,10.8,1,0,9,0.006,1,0,Shaq
1997,25,60,36.3,11.2,19.1,0.584,0.0,0.0,0.0,11.2,19.1,0.584,0.584,6.0,11.4,0.527,3.5,7.9,11.4,2.4,0.7,2.4,2.9,3.2,28.3,28.8,0.5870000000000001,17.7,0.135,0.9,0.046,0.10800000000000001,0.32899999999999996,10.2,3.8,0.8,4.6,3.6,9.72,1,0,4,0.268,1,0,Shaq
1998,26,49,34.8,10.4,18.1,0.5760000000000001,0.0,0.0,0.0,10.4,18.0,0.5770000000000001,0.5760000000000001,5.5,10.2,0.54,3.8,6.9,10.7,2.3,0.7,1.7,2.5,3.2,26.3,30.6,0.584,18.0,0.14400000000000002,1.1,0.035,0.1,0.324,9.0,6.2,0.1,6.3,3.6,9.72,0,0,6,0.075,1,0,Shaq
1999,27,79,40.0,12.1,21.1,0.574,0.0,0.0,0.0,12.1,21.1,0.575,0.574,5.5,10.4,0.524,4.3,9.4,13.6,3.8,0.5,3.0,2.8,3.2,29.7,30.6,0.578,18.3,0.193,0.6,0.053,0.099,0.312,18.6,6.2,3.5,9.7,9.3,25.11000000000001,1,1,1,0.998,1,1,Shaq
2000,28,74,39.5,11.0,19.2,0.5720000000000001,0.0,0.0,0.0,11.0,19.2,0.573,0.5720000000000001,6.7,13.1,0.513,3.9,8.8,12.7,3.7,0.6,2.8,2.9,3.5,28.7,30.2,0.574,18.1,0.188,0.8,0.049,0.105,0.316,14.9,5.7,1.6,7.3,6.8,18.36,1,0,3,0.466,1,1,Shaq
2001,29,67,36.1,10.6,18.3,0.579,0.0,0.0,0.0,10.6,18.3,0.58,0.579,5.9,10.7,0.555,3.5,7.2,10.7,3.0,0.6,2.0,2.6,3.0,27.2,29.7,0.59,16.3,0.16399999999999998,0.9,0.040999999999999995,0.1,0.318,13.2,5.5,1.5,7.0,5.5,14.85,1,0,3,0.552,1,1,Shaq
2002,30,67,37.8,10.4,18.1,0.574,0.0,0.0,0.0,10.4,18.1,0.574,0.574,6.7,10.8,0.622,3.9,7.2,11.1,3.1,0.6,2.4,2.9,3.4,27.5,29.5,0.602,16.5,0.162,0.8,0.045,0.114,0.302,13.2,5.5,0.8,6.3,5.3,14.31,1,0,5,0.106,1,0,Shaq
2003,31,67,36.8,8.3,14.1,0.584,0.0,0.0,0.0,8.3,14.1,0.584,0.584,4.9,10.1,0.49,3.7,7.8,11.5,2.9,0.5,2.5,2.9,3.4,21.5,24.4,0.578,17.7,0.14800000000000002,0.7,0.05,0.135,0.263,9.9,2.8,2.6,5.4,4.6,12.42,1,0,6,0.145,1,0,Shaq
2004,32,73,34.1,9.0,15.0,0.601,0.0,0.0,0.0,9.0,15.0,0.601,0.601,4.8,10.5,0.461,3.5,6.9,10.4,2.7,0.5,2.3,2.8,3.6,22.9,27.0,0.583,17.8,0.157,0.8,0.05,0.124,0.305,11.0,3.3,2.3,5.6,4.7,12.69,1,0,2,0.813,1,0,Shaq
2005,33,59,30.6,8.1,13.6,0.6,0.0,0.0,0.0,8.1,13.6,0.6,0.6,3.7,8.0,0.469,2.9,6.3,9.2,1.9,0.4,1.8,2.8,3.9,20.0,24.4,0.586,17.6,0.124,0.7,0.044000000000000004,0.14300000000000002,0.3,6.2,1.4,1.2,2.6,2.1,5.670000000000001,1,0,0,0.0,1,1,Shaq
2007,35,61,28.7,5.4,9.1,0.593,0.0,0.0,0.0,5.4,9.1,0.593,0.593,2.8,5.5,0.503,2.7,6.4,9.1,1.5,0.5,1.4,3.0,3.7,13.6,17.1,0.589,18.4,0.091,0.9,0.037000000000000005,0.204,0.235,2.8,-2.0,1.3,-0.7,0.6,1.62,0,0,0,0.0,1,0,Shaq
2008,36,75,30.0,6.8,11.2,0.609,0.0,0.0,0.0,6.8,11.2,0.61,0.609,4.1,6.9,0.595,2.5,5.9,8.4,1.7,0.7,1.4,2.2,3.4,17.8,22.3,0.623,16.4,0.08900000000000001,1.1,0.035,0.136,0.242,7.8,1.7,0.3,2.0,2.3,6.21,1,0,0,0.0,0,0,Shaq
2009,37,53,23.4,4.9,8.7,0.5660000000000001,0.0,0.0,0.0,4.9,8.7,0.5670000000000001,0.5660000000000001,2.1,4.3,0.496,1.8,4.9,6.7,1.5,0.3,1.2,2.0,3.2,12.0,17.9,0.565,17.0,0.113,0.6,0.039,0.157,0.251,3.1,-1.9,1.4,-0.5,0.5,1.35,0,0,0,0.0,1,0,Shaq
1996,21,76,40.1,8.2,19.8,0.41600000000000004,2.0,6.0,0.341,6.2,13.8,0.44799999999999995,0.467,5.0,7.2,0.7020000000000001,1.5,2.6,4.1,7.5,2.1,0.3,4.4,3.1,23.5,18.0,0.513,5.6,0.336,2.6,0.006,0.162,0.289,4.1,3.4,-2.0,1.5,2.7,7.290000000000001,0,0,17,0.001,0,0,The Answer
1997,22,80,39.4,8.1,17.6,0.461,0.9,2.9,0.298,7.2,14.7,0.494,0.486,4.9,6.7,0.7290000000000001,1.1,2.6,3.7,6.2,2.2,0.3,3.1,2.5,22.0,20.4,0.535,5.4,0.306,3.0,0.006,0.129,0.26899999999999996,9.0,4.5,-0.7,3.8,4.6,12.42,0,0,0,0.0,0,0,The Answer
1998,23,48,41.5,9.1,22.0,0.41200000000000003,1.2,4.1,0.29100000000000004,7.9,17.9,0.44,0.439,7.4,9.9,0.7509999999999999,1.4,3.5,4.9,4.6,2.3,0.1,3.5,2.0,26.8,22.2,0.508,6.9,0.242,3.0,0.003,0.11699999999999999,0.326,7.2,4.9,-0.3,4.6,3.3,8.91,0,0,4,0.27,0,0,The Answer
1999,24,70,40.8,10.4,24.8,0.42100000000000004,1.3,3.7,0.341,9.1,21.0,0.435,0.446,6.3,8.9,0.713,1.0,2.8,3.8,4.7,2.1,0.1,3.3,2.3,28.4,20.0,0.496,5.2,0.23,2.6,0.001,0.10300000000000001,0.344,6.9,3.4,-0.8,2.6,3.3,8.91,1,0,7,0.109,0,0,The Answer
2000,25,71,42.0,10.7,25.5,0.42,1.4,4.3,0.32,9.4,21.2,0.441,0.447,8.2,10.1,0.8140000000000001,0.7,3.1,3.8,4.6,2.5,0.3,3.3,2.1,31.1,24.0,0.518,5.2,0.23,3.2,0.005,0.1,0.359,11.8,5.0,-0.1,4.8,5.1,13.77,1,1,1,0.904,1,0,The Answer
2001,26,60,43.7,11.1,27.8,0.39799999999999996,1.3,4.5,0.29100000000000004,9.8,23.4,0.419,0.42200000000000004,7.9,9.8,0.812,0.7,3.8,4.5,5.5,2.8,0.2,4.0,1.7,31.4,21.9,0.489,5.8,0.276,3.5,0.004,0.11,0.37799999999999995,6.9,3.7,0.2,3.8,3.9,10.53,1,0,9,0.023,1,0,The Answer
2002,27,82,42.5,9.8,23.7,0.414,1.0,3.7,0.27699999999999997,8.8,20.0,0.44,0.436,7.0,9.0,0.774,0.8,3.4,4.2,5.5,2.7,0.2,3.5,1.8,27.6,21.2,0.5,5.8,0.251,3.4,0.003,0.11199999999999999,0.32899999999999996,9.2,3.1,-0.3,2.8,4.2,11.340000000000002,1,0,6,0.07,1,0,The Answer
2003,28,48,42.5,9.1,23.4,0.387,1.2,4.1,0.28600000000000003,7.9,19.3,0.408,0.41200000000000003,7.1,9.5,0.745,0.7,3.0,3.7,6.8,2.4,0.1,4.4,1.8,26.4,19.3,0.478,5.1,0.344,3.1,0.002,0.136,0.353,2.8,3.1,-0.6,2.5,2.3,6.21,1,0,0,0.0,0,0,The Answer
2004,29,75,42.3,10.3,24.2,0.424,1.4,4.5,0.308,8.9,19.7,0.451,0.45299999999999996,8.7,10.5,0.835,0.7,3.3,4.0,7.9,2.4,0.1,4.6,1.9,30.7,23.2,0.532,5.3,0.376,2.9,0.002,0.13699999999999998,0.35,9.0,4.8,-0.5,4.3,5.0,13.5,1,0,5,0.18899999999999997,1,0,The Answer
2005,30,72,43.1,11.3,25.3,0.447,1.0,3.1,0.32299999999999995,10.3,22.2,0.465,0.467,9.4,11.5,0.8140000000000001,0.6,2.6,3.2,7.4,1.9,0.1,3.4,1.7,33.0,25.9,0.5429999999999999,4.4,0.349,2.3,0.002,0.102,0.358,10.6,6.0,-2.5,3.5,4.3,11.61,1,0,10,0.001,0,0,The Answer
2006,31,65,42.5,8.9,20.2,0.442,1.0,3.0,0.315,8.0,17.2,0.465,0.466,7.5,9.4,0.795,0.4,2.6,3.0,7.2,1.9,0.2,4.1,1.5,26.3,19.6,0.54,4.0,0.29600000000000004,2.2,0.003,0.145,0.293,6.2,2.2,-1.5,0.8,1.9,5.13,1,0,0,0.0,1,0,The Answer
2007,32,82,41.8,8.7,19.0,0.45799999999999996,1.2,3.4,0.345,7.5,15.6,0.48200000000000004,0.488,7.9,9.7,0.809,0.6,2.4,3.0,7.1,2.0,0.1,3.0,1.3,26.4,20.9,0.5670000000000001,3.8,0.27399999999999997,2.2,0.002,0.114,0.267,11.6,3.5,-1.9,1.6,3.1,8.370000000000001,1,0,0,0.0,1,0,The Answer
2008,33,57,36.7,6.1,14.6,0.41700000000000004,0.5,1.7,0.28300000000000003,5.6,12.9,0.435,0.434,4.8,6.1,0.7809999999999999,0.5,2.5,3.0,5.0,1.5,0.1,2.6,1.5,17.5,15.8,0.504,4.9,0.231,2.3,0.002,0.129,0.257,2.9,0.0,-0.7,-0.7,0.7,1.89,1,0,0,0.0,0,0,The Answer
1997,19,79,26.0,4.9,11.6,0.428,0.9,2.8,0.341,4.0,8.8,0.456,0.469,4.6,5.8,0.794,1.0,2.1,3.1,2.5,0.9,0.5,2.0,2.3,15.4,18.5,0.5479999999999999,6.7,0.16,1.8,0.013000000000000001,0.124,0.272,6.3,1.9,-1.7,0.2,1.1,2.9700000000000006,1,0,0,0.0,1,0,Black Mamba
1998,20,50,37.9,7.2,15.6,0.465,0.5,2.0,0.267,6.7,13.6,0.494,0.482,4.9,5.8,0.8390000000000001,1.1,4.2,5.3,3.8,1.4,1.0,3.1,3.1,19.9,18.9,0.5489999999999999,8.1,0.175,2.0,0.019,0.147,0.253,5.2,2.0,0.3,2.3,2.1,5.670000000000001,0,0,0,0.0,1,0,Black Mamba
1999,21,66,38.2,8.4,17.9,0.468,0.7,2.2,0.319,7.7,15.7,0.489,0.488,5.0,6.1,0.821,1.6,4.7,6.3,4.9,1.6,0.9,2.8,3.3,22.5,21.7,0.546,8.8,0.22399999999999998,2.2,0.017,0.11800000000000001,0.268,10.6,3.6,1.7,5.3,4.7,12.69,1,0,12,0.002,1,1,Black Mamba
2000,22,68,40.9,10.3,22.2,0.464,0.9,2.9,0.305,9.4,19.3,0.489,0.484,7.0,8.2,0.853,1.5,4.3,5.9,5.0,1.7,0.6,3.2,3.3,28.5,24.5,0.552,8.1,0.23,2.1,0.011000000000000001,0.111,0.318,11.3,5.3,-1.0,4.2,4.4,11.880000000000004,1,0,9,0.009000000000000001,1,1,Black Mamba
2001,23,80,38.3,9.4,20.0,0.469,0.4,1.7,0.25,9.0,18.3,0.489,0.479,6.1,7.4,0.8290000000000001,1.4,4.1,5.5,5.5,1.5,0.4,2.8,2.9,25.2,23.2,0.544,7.9,0.259,2.0,0.008,0.107,0.304,12.7,4.4,0.1,4.4,5.0,13.5,1,0,5,0.078,1,1,Black Mamba
2002,24,82,41.5,10.6,23.5,0.451,1.5,4.0,0.383,9.1,19.5,0.465,0.483,7.3,8.7,0.843,1.3,5.6,6.9,5.9,2.2,0.8,3.5,2.7,30.0,26.2,0.55,9.3,0.272,2.8,0.013999999999999999,0.114,0.32899999999999996,14.9,6.1,0.3,6.4,7.1,19.17,1,0,3,0.417,1,0,Black Mamba
2003,25,65,37.6,7.9,18.1,0.438,1.1,3.3,0.327,6.8,14.8,0.463,0.468,7.0,8.2,0.852,1.6,3.9,5.5,5.1,1.7,0.4,2.6,2.7,24.0,23.7,0.551,8.3,0.244,2.4,0.008,0.10800000000000001,0.29100000000000004,10.7,5.5,0.2,5.7,4.7,12.69,1,0,5,0.172,1,0,Black Mamba
2004,26,66,40.7,8.7,20.1,0.433,2.0,5.9,0.339,6.7,14.2,0.472,0.482,8.2,10.1,0.816,1.4,4.5,5.9,6.0,1.3,0.8,4.1,2.6,27.6,23.3,0.563,8.2,0.285,1.7,0.013999999999999999,0.14300000000000002,0.317,8.1,5.6,-1.0,4.6,4.5,12.15,1,0,0,0.0,0,0,Black Mamba
2005,27,80,41.0,12.2,27.2,0.45,2.3,6.5,0.34700000000000003,10.0,20.7,0.482,0.491,8.7,10.2,0.85,0.9,4.4,5.3,4.5,1.8,0.4,3.1,2.9,35.4,28.0,0.5589999999999999,7.6,0.24100000000000002,2.4,0.006999999999999999,0.09,0.387,15.3,7.3,-1.5,5.8,6.5,17.55,1,0,4,0.386,1,0,Black Mamba
2006,28,77,40.8,10.6,22.8,0.463,1.8,5.2,0.344,8.8,17.6,0.4970000000000001,0.502,8.7,10.0,0.868,1.0,4.7,5.7,5.4,1.4,0.5,3.3,2.7,31.6,26.1,0.58,8.2,0.255,1.8,0.009000000000000001,0.109,0.336,13.0,6.1,-1.4,4.7,5.3,14.31,1,0,3,0.404,1,0,Black Mamba
2007,29,82,38.9,9.5,20.6,0.459,1.8,5.1,0.361,7.6,15.5,0.49,0.503,7.6,9.0,0.84,1.1,5.2,6.3,5.4,1.8,0.5,3.1,2.8,28.3,24.2,0.5760000000000001,9.0,0.239,2.4,0.009000000000000001,0.113,0.314,13.8,5.1,0.3,5.4,6.0,16.200000000000006,1,1,1,0.873,1,0,Black Mamba
2008,30,82,36.1,9.8,20.9,0.467,1.4,4.1,0.35100000000000003,8.3,16.8,0.496,0.502,5.9,6.9,0.856,1.1,4.1,5.2,4.9,1.5,0.5,2.6,2.3,26.8,24.4,0.561,8.2,0.23800000000000002,2.1,0.01,0.09699999999999999,0.322,12.7,4.8,-0.2,4.5,4.9,13.230000000000002,1,0,2,0.5770000000000001,1,1,Black Mamba
2009,31,73,38.8,9.8,21.5,0.456,1.4,4.1,0.329,8.5,17.4,0.487,0.488,6.0,7.4,0.8109999999999999,1.1,4.3,5.4,5.0,1.5,0.3,3.2,2.6,27.0,21.9,0.545,7.7,0.23800000000000002,2.1,0.005,0.114,0.32299999999999995,9.4,3.6,-0.1,3.6,4.0,10.8,1,0,3,0.487,1,1,Black Mamba
2010,32,82,33.9,9.0,20.0,0.451,1.4,4.3,0.32299999999999995,7.6,15.6,0.487,0.487,5.9,7.1,0.828,1.0,4.1,5.1,4.7,1.2,0.1,3.0,2.1,25.3,23.9,0.5479999999999999,8.5,0.267,1.9,0.003,0.114,0.35100000000000003,10.3,4.7,-0.9,3.8,4.1,11.07,1,0,4,0.354,1,0,Black Mamba
2011,33,58,38.5,9.9,23.0,0.43,1.5,4.9,0.303,8.4,18.1,0.464,0.462,6.6,7.8,0.845,1.1,4.3,5.4,4.6,1.2,0.3,3.5,1.8,27.9,21.9,0.527,7.8,0.237,1.6,0.006,0.11699999999999999,0.35700000000000004,6.2,3.6,-1.4,2.3,2.4,6.48,1,0,4,0.29100000000000004,1,0,Black Mamba
2012,34,78,38.6,9.5,20.4,0.463,1.7,5.2,0.324,7.8,15.2,0.51,0.504,6.7,8.0,0.8390000000000001,0.8,4.7,5.6,6.0,1.4,0.3,3.7,2.2,27.3,23.0,0.57,7.9,0.297,1.8,0.006,0.133,0.319,10.9,5.2,-0.5,4.7,5.1,13.77,1,0,5,0.152,0,0,Black Mamba
1997,21,82,39.1,8.6,15.7,0.5489999999999999,0.0,0.1,0.0,8.6,15.6,0.5529999999999999,0.5489999999999999,3.9,5.9,0.662,3.3,8.6,11.9,2.7,0.7,2.5,3.4,3.1,21.1,22.6,0.5770000000000001,17.6,0.13699999999999998,0.9,0.045,0.157,0.26,12.8,1.8,3.7,5.5,6.0,16.200000000000006,1,0,5,0.128,1,0,The Big Fundamental
1998,22,50,39.3,8.4,16.9,0.495,0.0,0.1,0.14300000000000002,8.3,16.8,0.498,0.495,4.9,7.2,0.69,3.2,8.2,11.4,2.4,0.9,2.5,2.9,2.9,21.7,23.2,0.541,16.3,0.121,1.2,0.044000000000000004,0.127,0.272,8.7,1.5,3.4,4.9,3.4,9.18,0,0,3,0.627,1,1,The Big Fundamental
1999,23,74,38.9,8.5,17.3,0.49,0.0,0.1,0.091,8.5,17.2,0.494,0.491,6.2,8.1,0.7609999999999999,3.5,8.9,12.4,3.2,0.9,2.2,3.3,2.8,23.2,24.8,0.555,18.1,0.155,1.2,0.04,0.135,0.287,13.0,2.6,3.5,6.1,5.9,15.93,1,0,5,0.205,0,0,The Big Fundamental
2000,24,82,38.7,8.6,17.1,0.499,0.1,0.3,0.259,8.5,16.8,0.504,0.502,5.0,8.1,0.618,3.2,9.0,12.2,3.0,0.9,2.3,3.0,3.0,22.2,23.8,0.536,17.8,0.153,1.2,0.042,0.125,0.287,13.2,1.8,3.6,5.4,5.9,15.93,1,0,2,0.569,1,0,The Big Fundamental
2001,25,82,40.6,9.3,18.3,0.508,0.0,0.1,0.1,9.3,18.2,0.511,0.508,6.8,8.5,0.799,3.3,9.4,12.7,3.7,0.7,2.5,3.2,2.6,25.5,27.0,0.5760000000000001,18.0,0.183,1.0,0.043,0.127,0.29,17.8,3.9,3.8,7.6,8.1,21.87,1,1,1,0.757,1,0,The Big Fundamental
2002,26,81,39.3,8.8,17.2,0.513,0.1,0.3,0.273,8.7,16.9,0.517,0.515,5.6,7.8,0.71,3.2,9.7,12.9,3.9,0.7,2.9,3.1,2.9,23.3,26.9,0.564,19.0,0.195,0.9,0.052000000000000005,0.129,0.28,16.5,3.3,4.2,7.4,7.6,20.52,1,1,1,0.8079999999999999,1,1,The Big Fundamental
2003,27,69,36.6,8.6,17.1,0.501,0.0,0.2,0.16699999999999998,8.6,16.9,0.505,0.502,5.1,8.5,0.599,3.3,9.2,12.4,3.1,0.9,2.7,2.7,2.4,22.3,27.1,0.534,19.0,0.174,1.3,0.053,0.113,0.297,13.1,2.4,4.9,7.3,5.9,15.93,1,0,2,0.5820000000000001,1,0,The Big Fundamental
2004,28,66,33.4,7.8,15.8,0.496,0.0,0.1,0.333,7.8,15.7,0.498,0.498,4.6,6.9,0.67,3.1,8.0,11.1,2.7,0.7,2.6,1.9,2.2,20.3,27.0,0.54,19.4,0.161,1.1,0.057,0.09300000000000001,0.289,11.2,1.9,4.5,6.4,4.7,12.69,1,0,4,0.258,1,1,The Big Fundamental
2005,29,80,34.8,7.2,14.8,0.484,0.0,0.1,0.4,7.2,14.8,0.485,0.485,4.2,6.7,0.629,2.9,8.1,11.0,3.2,0.9,2.0,2.5,2.7,18.6,23.1,0.523,18.7,0.165,1.4,0.042,0.122,0.27699999999999997,10.8,0.2,4.3,4.6,4.6,12.42,1,0,8,0.026,1,0,The Big Fundamental
2006,30,80,34.1,7.7,14.1,0.546,0.0,0.1,0.111,7.7,14.0,0.55,0.547,4.5,7.1,0.637,2.7,7.9,10.6,3.4,0.8,2.4,2.8,2.5,20.0,26.1,0.579,18.8,0.188,1.3,0.051,0.14,0.27899999999999997,13.0,2.0,5.1,7.1,6.3,17.01,1,0,4,0.222,1,1,The Big Fundamental
2007,31,78,34.0,7.5,15.1,0.4970000000000001,0.0,0.1,0.0,7.5,15.1,0.498,0.4970000000000001,4.3,5.9,0.73,3.0,8.3,11.3,2.8,0.7,1.9,2.3,2.4,19.3,24.4,0.546,19.6,0.157,1.1,0.043,0.114,0.282,11.1,0.7,4.1,4.7,4.5,12.15,1,0,7,0.02,1,0,The Big Fundamental
2008,32,75,33.7,7.4,14.8,0.504,0.0,0.0,0.0,7.4,14.7,0.505,0.504,4.5,6.4,0.6920000000000001,2.7,8.0,10.7,3.5,0.5,1.7,2.2,2.3,19.3,24.4,0.5489999999999999,18.9,0.193,0.8,0.037000000000000005,0.111,0.285,10.1,1.1,3.5,4.6,4.2,11.340000000000002,1,0,11,0.002,1,0,The Big Fundamental
2009,33,78,31.3,7.2,13.9,0.518,0.0,0.1,0.182,7.2,13.7,0.522,0.519,3.5,4.8,0.725,2.8,7.3,10.1,3.2,0.6,1.5,1.8,1.9,17.9,24.7,0.56,18.9,0.17800000000000002,1.0,0.035,0.10099999999999999,0.26,10.9,2.4,3.2,5.6,4.7,12.69,1,0,0,0.0,1,0,The Big Fundamental
2010,34,76,28.4,5.5,11.0,0.5,0.0,0.1,0.0,5.5,11.0,0.502,0.5,2.4,3.4,0.716,2.2,6.7,8.9,2.7,0.7,1.9,1.6,1.6,13.4,21.9,0.537,18.3,0.157,1.2,0.048,0.114,0.22899999999999998,7.7,-0.1,3.9,3.8,3.2,8.64,1,0,0,0.0,1,0,The Big Fundamental
2011,35,58,28.2,6.2,12.6,0.4920000000000001,0.0,0.1,0.0,6.2,12.6,0.495,0.4920000000000001,3.0,4.3,0.695,1.9,7.1,9.0,2.3,0.7,1.5,1.7,1.7,15.4,22.5,0.531,18.3,0.135,1.2,0.039,0.10300000000000001,0.262,5.9,-0.2,2.6,2.4,1.8,4.86,0,0,14,0.002,1,0,The Big Fundamental
2012,36,69,30.1,7.1,14.1,0.502,0.0,0.1,0.28600000000000003,7.1,14.0,0.504,0.503,3.6,4.3,0.8170000000000001,1.8,8.1,9.9,2.7,0.7,2.7,2.1,1.7,17.8,24.4,0.5539999999999999,19.1,0.155,1.2,0.064,0.11699999999999999,0.278,8.3,-0.5,4.6,4.1,3.2,8.64,1,0,7,0.052000000000000005,1,0,The Big Fundamental
2013,37,74,29.2,6.0,12.2,0.49,0.0,0.1,0.0,6.0,12.2,0.493,0.49,3.1,4.3,0.731,2.1,7.6,9.7,3.0,0.6,1.9,2.1,1.8,15.1,21.3,0.535,18.8,0.16,1.0,0.046,0.132,0.252,7.4,-0.9,4.0,3.2,2.8,7.56,0,0,12,0.017,1,1,The Big Fundamental
2014,38,77,28.9,5.4,10.6,0.512,0.0,0.1,0.28600000000000003,5.4,10.5,0.514,0.513,3.0,4.0,0.74,2.2,6.9,9.1,3.0,0.8,2.0,1.7,2.1,13.9,22.6,0.56,17.9,0.168,1.4,0.051,0.121,0.222,9.6,0.8,4.7,5.5,4.2,11.340000000000002,1,0,10,0.001,1,0,The Big Fundamental
2015,39,61,25.2,3.5,7.2,0.488,0.0,0.0,0.0,3.5,7.2,0.49,0.488,1.5,2.1,0.7020000000000001,1.9,5.4,7.3,2.7,0.8,1.3,1.5,2.0,8.6,16.9,0.523,16.6,0.153,1.6,0.039,0.153,0.17600000000000002,5.2,-0.8,5.0,4.1,2.4,6.48,0,0,0,0.0,1,0,The Big Fundamental
1999,21,82,35.8,6.3,13.6,0.461,1.4,3.7,0.379,4.9,9.9,0.491,0.513,3.5,4.2,0.83,1.2,5.2,6.5,2.5,0.8,0.8,1.7,3.1,17.5,17.5,0.564,9.7,0.109,1.1,0.016,0.1,0.212,8.1,2.3,-0.6,1.7,2.7,7.290000000000001,0,0,0,0.0,0,0,Dirk
2000,22,82,38.1,7.2,15.2,0.474,1.8,4.8,0.387,5.4,10.5,0.513,0.534,5.5,6.6,0.838,1.5,7.7,9.2,2.1,1.0,1.2,1.9,3.0,21.8,22.8,0.601,13.5,0.094,1.3,0.023,0.095,0.23800000000000002,14.6,4.3,0.5,4.7,5.3,14.31,0,0,0,0.0,1,0,Dirk
2001,23,76,38.0,7.9,16.6,0.47700000000000004,1.8,4.6,0.397,6.1,11.9,0.508,0.532,5.8,6.8,0.853,1.6,8.4,9.9,2.4,1.1,1.0,1.9,2.9,23.4,24.1,0.599,14.5,0.10800000000000001,1.5,0.019,0.08900000000000001,0.255,13.4,4.6,0.1,4.7,4.8,12.96,1,0,8,0.025,1,0,Dirk
2002,24,80,39.0,8.6,18.6,0.46299999999999997,1.9,4.9,0.379,6.8,13.7,0.493,0.513,6.0,6.9,0.8809999999999999,1.0,8.9,9.9,3.0,1.4,1.0,1.9,2.6,25.1,25.6,0.581,14.0,0.133,1.8,0.02,0.081,0.27399999999999997,16.1,4.6,1.0,5.7,6.1,16.47,1,0,7,0.036000000000000004,1,0,Dirk
2003,25,77,37.9,7.9,17.0,0.462,1.3,3.8,0.341,6.6,13.2,0.496,0.5,4.8,5.5,0.877,1.2,7.5,8.7,2.7,1.2,1.4,1.8,2.8,21.8,22.5,0.561,12.5,0.113,1.6,0.026000000000000002,0.083,0.245,11.5,3.5,0.0,3.4,4.0,10.8,1,0,10,0.003,1,0,Dirk
2004,26,78,38.7,8.5,18.5,0.45899999999999996,1.2,2.9,0.39899999999999997,7.3,15.6,0.47,0.49,7.9,9.1,0.8690000000000001,1.2,8.5,9.7,3.1,1.2,1.5,2.3,2.8,26.1,26.1,0.578,14.0,0.14300000000000002,1.7,0.028999999999999998,0.091,0.287,15.6,4.0,1.7,5.7,5.9,15.93,1,0,3,0.275,1,0,Dirk
2005,27,81,38.1,9.3,19.3,0.48,1.4,3.3,0.406,7.9,16.0,0.496,0.515,6.7,7.4,0.9009999999999999,1.4,7.6,9.0,2.8,0.7,1.0,1.9,2.0,26.6,28.1,0.589,14.2,0.147,1.0,0.021,0.079,0.3,17.7,5.8,-0.1,5.7,6.0,16.200000000000006,1,0,3,0.435,1,0,Dirk
2006,28,78,36.2,8.6,17.2,0.502,0.9,2.2,0.41600000000000004,7.7,15.0,0.515,0.529,6.4,7.1,0.904,1.6,7.3,8.9,3.4,0.7,0.8,2.1,2.2,24.6,27.6,0.605,14.8,0.17800000000000002,1.0,0.017,0.095,0.289,16.3,5.4,1.3,6.7,6.2,16.740000000000002,1,1,1,0.882,1,0,Dirk
2007,29,77,36.0,8.2,17.1,0.479,1.0,2.9,0.359,7.2,14.2,0.504,0.51,6.2,7.1,0.879,1.2,7.3,8.6,3.5,0.7,0.9,2.1,2.6,23.6,24.6,0.585,13.8,0.17800000000000002,1.0,0.019,0.09300000000000001,0.28800000000000003,12.9,4.2,0.9,5.2,5.0,13.5,1,0,11,0.004,1,0,Dirk
2008,30,81,37.7,9.6,20.0,0.479,0.8,2.1,0.359,8.8,17.9,0.493,0.498,6.0,6.7,0.89,1.1,7.3,8.4,2.4,0.8,0.8,1.9,2.2,25.9,23.1,0.564,12.8,0.121,1.0,0.015,0.078,0.303,10.9,1.9,-0.7,1.2,2.4,6.48,1,0,10,0.002,1,0,Dirk
2009,31,81,37.5,8.9,18.5,0.48100000000000004,0.6,1.5,0.42100000000000004,8.3,17.0,0.48700000000000004,0.498,6.6,7.2,0.915,1.0,6.7,7.7,2.7,0.9,1.0,1.8,2.6,25.0,22.9,0.578,11.7,0.13,1.2,0.02,0.078,0.28800000000000003,12.3,2.3,0.3,2.6,3.5,9.45,1,0,7,0.045,1,0,Dirk
2010,32,73,34.3,8.4,16.2,0.517,0.9,2.3,0.39299999999999996,7.5,13.8,0.5379999999999999,0.545,5.4,6.1,0.892,0.7,6.3,7.0,2.6,0.5,0.6,1.9,2.4,23.0,23.4,0.612,12.0,0.142,0.8,0.013999999999999999,0.091,0.282,11.1,3.2,0.6,3.8,3.7,9.990000000000002,1,0,6,0.09300000000000001,1,1,Dirk
2011,33,62,33.5,7.6,16.7,0.457,1.3,3.4,0.368,6.4,13.3,0.48100000000000004,0.495,5.1,5.7,0.8959999999999999,0.7,6.0,6.7,2.2,0.7,0.5,1.9,2.1,21.6,21.7,0.564,11.3,0.126,1.1,0.012,0.09,0.292,7.6,2.3,-0.5,1.8,2.0,5.4,1,0,12,0.003,1,0,Dirk
2012,34,53,31.3,6.5,13.7,0.47100000000000003,1.2,3.0,0.414,5.2,10.8,0.48700000000000004,0.516,3.1,3.6,0.86,0.7,6.2,6.8,2.5,0.7,0.7,1.3,1.8,17.3,19.8,0.564,12.2,0.135,1.2,0.017,0.079,0.242,5.0,1.7,0.0,1.7,1.5,4.050000000000002,0,0,0,0.0,0,0,Dirk
2013,35,80,32.9,7.9,15.9,0.49700000000000005,1.6,4.1,0.39799999999999996,6.3,11.8,0.532,0.5489999999999999,4.2,4.7,0.899,0.5,5.7,6.2,2.7,0.9,0.6,1.5,2.1,21.7,23.6,0.603,10.9,0.142,1.4,0.013999999999999999,0.075,0.26899999999999996,10.9,4.1,-0.8,3.3,3.5,9.45,1,0,14,0.006,1,0,Dirk
2014,36,77,29.6,6.3,13.8,0.45899999999999996,1.4,3.6,0.38,5.0,10.2,0.486,0.508,3.3,3.8,0.882,0.6,5.4,5.9,1.9,0.5,0.4,1.1,2.1,17.3,19.2,0.56,11.0,0.10400000000000001,0.9,0.012,0.065,0.249,7.2,1.7,-1.0,0.7,1.5,4.050000000000002,1,0,0,0.0,1,0,Dirk
2015,37,75,31.5,6.6,14.8,0.44799999999999995,1.7,4.6,0.368,5.0,10.3,0.483,0.504,3.3,3.7,0.893,0.7,5.8,6.5,1.8,0.7,0.7,1.1,2.1,18.3,19.0,0.555,11.4,0.10099999999999999,1.1,0.018000000000000002,0.064,0.255,6.8,1.2,-0.3,0.9,1.7,4.59,0,0,0,0.0,1,0,Dirk
2016,38,54,26.4,5.5,12.6,0.43700000000000006,1.5,3.9,0.37799999999999995,4.0,8.7,0.46299999999999997,0.495,1.8,2.1,0.875,0.4,6.1,6.5,1.5,0.6,0.7,0.9,2.1,14.2,17.0,0.529,14.4,0.106,1.1,0.024,0.066,0.258,2.5,-1.6,0.3,-1.3,0.2,0.54,0,0,0,0.0,0,0,Dirk
2017,39,77,24.7,4.5,9.8,0.456,1.8,4.4,0.409,2.7,5.5,0.494,0.547,1.3,1.4,0.898,0.3,5.4,5.7,1.6,0.6,0.6,0.7,1.9,12.0,16.7,0.575,12.8,0.10400000000000001,1.1,0.021,0.06,0.205,4.8,0.1,0.3,0.3,1.1,2.9700000000000006,0,0,0,0.0,0,0,Dirk
2003,19,79,39.5,7.9,18.9,0.417,0.8,2.7,0.29,7.1,16.1,0.438,0.438,4.4,5.8,0.754,1.3,4.2,5.5,5.9,1.6,0.7,3.5,1.9,20.9,18.3,0.488,7.6,0.278,2.2,0.013000000000000001,0.139,0.282,5.1,2.2,-0.2,1.9,3.1,8.370000000000001,0,0,9,0.009000000000000001,0,0,The King
2004,20,80,42.4,9.9,21.1,0.472,1.4,3.9,0.35100000000000003,8.6,17.2,0.499,0.504,6.0,8.0,0.75,1.4,6.0,7.4,7.2,2.2,0.7,3.3,1.8,27.2,25.7,0.5539999999999999,10.2,0.32899999999999996,2.8,0.011000000000000001,0.11800000000000001,0.297,14.3,6.9,1.5,8.3,8.8,23.760000000000005,1,0,6,0.073,0,0,The King
2005,21,79,42.5,11.1,23.1,0.48,1.6,4.8,0.335,9.5,18.3,0.518,0.515,7.6,10.3,0.738,0.9,6.1,7.0,6.6,1.6,0.8,3.3,2.3,31.4,28.1,0.568,9.8,0.32799999999999996,2.0,0.015,0.107,0.336,16.3,7.9,1.4,9.3,9.5,25.65,1,0,2,0.55,1,0,The King
2006,22,78,40.9,9.9,20.8,0.476,1.3,4.0,0.319,8.6,16.8,0.513,0.507,6.3,9.0,0.698,1.1,5.7,6.7,6.0,1.6,0.7,3.2,2.2,27.3,24.5,0.552,9.6,0.29100000000000004,2.1,0.013000000000000001,0.115,0.31,13.7,5.4,2.0,7.4,7.6,20.52,1,0,5,0.142,1,0,The King
2007,23,75,40.4,10.6,21.9,0.484,1.5,4.8,0.315,9.1,17.1,0.531,0.518,7.3,10.3,0.7120000000000001,1.8,6.1,7.9,7.2,1.8,1.1,3.4,2.2,30.0,29.1,0.568,11.1,0.373,2.4,0.021,0.114,0.335,15.2,9.0,2.3,11.2,10.1,27.27,1,0,4,0.348,1,0,The King
2008,24,81,37.7,9.7,19.9,0.489,1.6,4.7,0.344,8.1,15.2,0.535,0.53,7.3,9.4,0.78,1.3,6.3,7.6,7.2,1.7,1.1,3.0,1.7,28.4,31.7,0.591,11.9,0.38,2.4,0.024,0.11,0.33799999999999997,20.3,9.4,3.6,13.0,11.6,31.32,1,1,1,0.969,1,0,The King
2009,25,76,39.0,10.1,20.1,0.503,1.7,5.1,0.333,8.4,15.0,0.56,0.545,7.8,10.2,0.767,0.9,6.4,7.3,8.6,1.6,1.0,3.4,1.6,29.7,31.1,0.604,11.1,0.418,2.2,0.02,0.12300000000000001,0.335,18.5,9.7,2.8,12.5,10.9,29.430000000000003,1,1,1,0.98,1,0,The King
2010,26,79,38.8,9.6,18.8,0.51,1.2,3.5,0.33,8.4,15.3,0.552,0.541,6.4,8.4,0.759,1.0,6.5,7.5,7.0,1.6,0.6,3.6,2.1,26.7,27.3,0.594,11.4,0.349,2.1,0.013000000000000001,0.138,0.315,15.6,6.5,2.1,8.6,8.2,22.14,1,0,3,0.431,1,0,The King
2011,27,62,37.5,10.0,18.9,0.531,0.9,2.4,0.362,9.1,16.5,0.556,0.5539999999999999,6.2,8.1,0.7709999999999999,1.5,6.4,7.9,6.2,1.9,0.8,3.4,1.5,27.1,30.7,0.605,12.6,0.336,2.6,0.017,0.133,0.32,14.5,8.3,2.7,11.0,7.6,20.52,1,1,1,0.888,1,1,The King
2012,28,76,37.9,10.1,17.8,0.565,1.4,3.3,0.406,8.7,14.5,0.602,0.603,5.3,7.0,0.753,1.3,6.8,8.0,7.3,1.7,0.9,3.0,1.4,26.8,31.6,0.64,13.1,0.364,2.4,0.019,0.124,0.302,19.3,9.2,2.4,11.6,9.8,26.460000000000004,1,1,1,0.998,1,1,The King
2013,29,77,37.7,10.0,17.6,0.5670000000000001,1.5,4.0,0.379,8.5,13.6,0.622,0.61,5.7,7.6,0.75,1.1,5.9,6.9,6.3,1.6,0.3,3.5,1.6,27.1,29.3,0.649,11.5,0.32,2.2,0.008,0.14400000000000002,0.31,15.9,8.0,0.9,8.9,8.0,21.6,1,0,2,0.713,1,0,The King
2014,30,69,36.1,9.0,18.5,0.488,1.7,4.9,0.354,7.3,13.6,0.536,0.535,5.4,7.7,0.71,0.7,5.3,6.0,7.4,1.6,0.7,3.9,2.0,25.3,25.9,0.5770000000000001,9.6,0.386,2.3,0.016,0.153,0.32299999999999995,10.4,6.2,1.2,7.4,5.9,15.93,1,0,3,0.425,1,0,The King
2015,31,76,35.6,9.7,18.6,0.52,1.1,3.7,0.309,8.6,14.9,0.573,0.551,4.7,6.5,0.731,1.5,6.0,7.4,6.8,1.4,0.6,3.3,1.9,25.3,27.5,0.588,11.8,0.36,2.0,0.015,0.132,0.314,13.6,6.9,2.3,9.1,7.6,20.52,1,0,3,0.482,1,1,The King
2016,32,74,37.8,9.9,18.2,0.5479999999999999,1.7,4.6,0.363,8.3,13.5,0.611,0.594,4.8,7.2,0.674,1.3,7.3,8.6,8.7,1.2,0.6,4.1,1.8,26.4,27.0,0.619,12.6,0.413,1.6,0.013000000000000001,0.161,0.3,12.9,6.8,1.6,8.4,7.3,19.71,1,0,4,0.33,1,0,The King
2017,33,82,36.9,10.5,19.3,0.542,1.8,5.0,0.3670000000000001,8.6,14.3,0.603,0.59,4.7,6.5,0.731,1.2,7.5,8.6,9.1,1.4,0.9,4.2,1.7,27.5,28.6,0.621,13.1,0.444,1.9,0.02,0.161,0.316,14.0,7.6,2.0,9.6,8.9,24.03,1,0,2,0.731,1,0,The King
2003,22,61,34.9,6.1,13.1,0.465,0.3,0.9,0.302,5.8,12.2,0.47700000000000004,0.475,3.8,5.1,0.747,1.4,2.7,4.0,4.5,1.4,0.6,3.2,2.3,16.2,17.6,0.53,6.8,0.251,2.2,0.013000000000000001,0.17300000000000001,0.25,4.6,0.9,0.4,1.3,1.8,4.86,0,0,0,0.0,1,0,Flash
2004,23,77,38.6,8.2,17.1,0.478,0.2,0.6,0.289,8.0,16.5,0.485,0.483,7.5,9.9,0.762,1.4,3.7,5.2,6.8,1.6,1.1,4.2,3.0,24.1,23.1,0.561,7.8,0.31,2.2,0.02,0.163,0.309,11.0,3.1,1.4,4.4,4.8,12.96,1,0,8,0.034,1,0,Flash
2005,24,75,38.6,9.3,18.8,0.495,0.2,1.0,0.171,9.1,17.8,0.513,0.499,8.4,10.7,0.7829999999999999,1.4,4.3,5.7,6.7,1.9,0.8,3.6,2.9,27.2,27.6,0.5770000000000001,8.7,0.33,2.6,0.015,0.132,0.325,14.4,5.9,1.6,7.5,7.0,18.9,1,0,6,0.07,1,1,Flash
2006,25,51,37.9,9.3,18.9,0.491,0.4,1.5,0.266,8.8,17.3,0.511,0.502,8.5,10.5,0.807,1.0,3.7,4.7,7.5,2.1,1.2,4.2,2.3,27.4,28.9,0.583,7.3,0.405,3.0,0.025,0.153,0.34700000000000003,8.8,6.5,1.9,8.4,5.1,13.77,1,0,12,0.002,1,0,Flash
2007,26,51,38.3,8.6,18.4,0.469,0.4,1.5,0.28600000000000003,8.2,16.9,0.485,0.48,6.9,9.2,0.758,0.9,3.3,4.2,6.9,1.7,0.7,4.4,2.7,24.6,21.5,0.5489999999999999,6.6,0.375,2.4,0.015,0.16399999999999998,0.331,3.3,3.0,0.0,3.0,2.5,6.75,1,0,0,0.0,0,0,Flash
2008,27,79,38.6,10.8,22.0,0.491,1.1,3.5,0.317,9.7,18.5,0.524,0.516,7.5,9.8,0.765,1.1,3.9,5.0,7.5,2.2,1.3,3.4,2.3,30.2,30.4,0.574,7.8,0.40299999999999997,3.0,0.027999999999999997,0.11599999999999999,0.36200000000000004,14.7,8.7,2.0,10.7,9.7,26.19,1,0,3,0.562,1,0,Flash
2009,28,77,36.3,9.3,19.6,0.47600000000000003,0.9,3.2,0.3,8.4,16.5,0.509,0.5,6.9,9.1,0.7609999999999999,1.4,3.5,4.8,6.5,1.8,1.1,3.3,2.4,26.6,28.0,0.562,7.8,0.364,2.7,0.024,0.122,0.349,13.0,7.4,2.0,9.4,8.0,21.6,1,0,5,0.09699999999999999,1,0,Flash
2010,29,76,37.1,9.1,18.2,0.5,0.8,2.7,0.306,8.3,15.5,0.534,0.523,6.5,8.6,0.758,1.6,4.8,6.4,4.6,1.5,1.1,3.1,2.6,25.5,25.6,0.581,10.2,0.235,2.1,0.024,0.124,0.316,12.8,4.4,1.5,5.9,5.7,15.390000000000002,1,0,7,0.02,1,0,Flash
2011,30,49,33.2,8.5,17.1,0.49700000000000005,0.3,1.1,0.268,8.2,15.9,0.513,0.506,4.8,6.1,0.7909999999999999,1.5,3.3,4.8,4.6,1.7,1.3,2.6,2.2,22.1,26.3,0.5589999999999999,8.7,0.273,2.7,0.031,0.11800000000000001,0.313,7.7,4.5,1.8,6.3,3.4,9.18,1,0,10,0.005,1,1,Flash
2012,31,69,34.7,8.2,15.8,0.521,0.2,1.0,0.258,8.0,14.9,0.537,0.528,4.5,6.2,0.725,1.2,3.7,5.0,5.1,1.9,0.8,2.8,2.0,21.2,24.0,0.5710000000000001,8.9,0.266,2.8,0.019,0.132,0.295,9.6,2.8,1.1,3.9,3.5,9.45,1,0,10,0.004,1,1,Flash
2013,32,54,32.9,7.7,14.1,0.545,0.2,0.6,0.281,7.5,13.5,0.557,0.551,3.5,4.8,0.733,1.1,3.4,4.5,4.7,1.5,0.5,3.0,2.0,19.0,22.0,0.588,8.5,0.255,2.3,0.013999999999999999,0.155,0.27899999999999997,5.5,1.9,0.3,2.3,1.9,5.13,1,0,0,0.0,1,0,Flash
2014,33,62,31.8,8.2,17.5,0.47,0.5,1.6,0.284,7.7,15.8,0.489,0.483,4.6,6.0,0.768,0.9,2.6,3.5,4.8,1.2,0.3,3.4,1.7,21.5,21.4,0.534,6.7,0.321,2.0,0.009000000000000001,0.14400000000000002,0.34700000000000003,3.5,2.4,-1.2,1.2,1.6,4.32,1,0,0,0.0,0,0,Flash
2015,34,74,30.5,7.3,16.0,0.456,0.1,0.6,0.159,7.2,15.4,0.46799999999999997,0.45899999999999996,4.4,5.5,0.7929999999999999,1.1,3.0,4.1,4.6,1.1,0.6,2.7,1.6,19.0,20.3,0.517,7.6,0.27399999999999997,1.8,0.013999999999999999,0.13,0.316,4.9,0.9,-0.1,0.8,1.6,4.32,1,0,0,0.0,1,0,Flash
2016,35,60,29.9,6.9,15.9,0.434,0.8,2.4,0.31,6.2,13.5,0.456,0.457,3.7,4.7,0.794,1.1,3.5,4.5,3.8,1.4,0.7,2.3,1.9,18.3,18.5,0.508,8.1,0.223,2.4,0.018000000000000002,0.113,0.29600000000000004,3.4,0.4,0.6,1.0,1.3,3.51,0,0,0,0.0,1,0,Flash
2007,19,80,34.6,7.3,17.1,0.43,0.7,2.6,0.28800000000000003,6.6,14.5,0.455,0.451,4.9,5.6,0.873,0.9,3.5,4.4,2.4,1.0,0.9,2.9,1.5,20.3,15.8,0.519,6.9,0.12,1.4,0.019,0.129,0.281,2.3,-0.6,-0.7,-1.4,0.4,1.08,0,0,0,0.0,0,0,Slim Reaper
2008,20,74,39.0,8.9,18.8,0.476,1.3,3.1,0.422,7.6,15.7,0.486,0.51,6.1,7.1,0.863,1.0,5.5,6.5,2.8,1.3,0.7,3.0,1.8,25.3,20.8,0.5770000000000001,9.6,0.135,1.7,0.013999999999999999,0.122,0.28300000000000003,7.9,2.2,-0.5,1.8,2.8,7.56,0,0,0,0.0,0,0,Slim Reaper
2009,21,82,39.5,9.7,20.3,0.476,1.6,4.3,0.365,8.1,16.1,0.506,0.514,9.2,10.2,0.9,1.3,6.3,7.6,2.8,1.4,1.0,3.3,2.1,30.1,26.2,0.607,11.0,0.135,1.8,0.019,0.11699999999999999,0.32,16.1,4.9,0.2,5.1,5.8,15.66,1,0,2,0.495,1,0,Slim Reaper
2010,22,78,38.9,9.1,19.7,0.462,1.9,5.3,0.35,7.3,14.4,0.504,0.509,7.6,8.7,0.88,0.7,6.1,6.8,2.7,1.1,1.0,2.8,2.0,27.7,23.6,0.589,10.3,0.132,1.5,0.018000000000000002,0.106,0.306,12.0,3.7,-0.8,2.9,3.7,9.990000000000002,1,0,5,0.157,1,0,Slim Reaper
2011,23,66,38.6,9.7,19.7,0.496,2.0,5.2,0.387,7.7,14.4,0.535,0.547,6.5,7.6,0.86,0.6,7.4,8.0,3.5,1.3,1.2,3.8,2.0,28.0,26.2,0.61,11.8,0.175,1.8,0.022000000000000002,0.14,0.313,12.2,4.7,0.5,5.2,4.6,12.42,1,0,2,0.735,1,0,Slim Reaper
2012,24,81,38.5,9.0,17.7,0.51,1.7,4.1,0.416,7.3,13.6,0.539,0.5589999999999999,8.4,9.3,0.905,0.6,7.3,7.9,4.6,1.4,1.3,3.5,1.8,28.1,28.3,0.647,11.8,0.217,1.9,0.026000000000000002,0.13699999999999998,0.298,18.9,6.2,1.4,7.7,7.6,20.52,1,0,2,0.632,1,0,Slim Reaper
2013,25,81,38.5,10.5,20.8,0.503,2.4,6.1,0.391,8.1,14.8,0.5489999999999999,0.56,8.7,9.9,0.873,0.7,6.7,7.4,5.5,1.3,0.7,3.5,2.1,32.0,29.8,0.635,10.8,0.267,1.7,0.015,0.122,0.33,19.2,8.4,0.4,8.8,8.5,22.95000000000001,1,1,1,0.986,1,0,Slim Reaper
2015,27,72,35.8,9.7,19.2,0.505,2.6,6.7,0.387,7.1,12.5,0.569,0.573,6.2,6.9,0.898,0.6,7.6,8.2,5.0,1.0,1.2,3.5,1.9,28.2,28.2,0.634,12.4,0.242,1.3,0.025,0.135,0.306,14.5,7.0,0.9,7.9,6.4,17.28,1,0,5,0.112,1,0,Slim Reaper
2016,28,62,33.4,8.9,16.5,0.537,1.9,5.0,0.375,7.0,11.5,0.608,0.594,5.4,6.2,0.875,0.6,7.6,8.3,4.8,1.1,1.6,2.2,1.9,25.1,27.6,0.6509999999999999,13.6,0.231,1.5,0.038,0.10400000000000001,0.278,12.0,5.4,2.6,8.0,5.2,14.04,1,0,9,0.002,1,1,Slim Reaper
2017,29,68,34.2,9.3,18.0,0.516,2.5,6.1,0.419,6.7,11.9,0.565,0.586,5.3,5.9,0.889,0.5,6.4,6.8,5.4,0.7,1.8,3.0,2.0,26.4,26.0,0.64,11.2,0.255,1.0,0.04,0.129,0.304,10.4,5.0,0.7,5.6,4.5,12.15,1,0,7,0.065,1,1,Slim Reaper
2009,21,80,36.2,6.6,14.3,0.462,2.1,4.8,0.43700000000000006,4.5,9.5,0.474,0.535,2.2,2.5,0.885,0.6,3.9,4.5,5.9,1.9,0.2,3.0,3.2,17.5,16.3,0.568,6.8,0.24600000000000002,2.5,0.005,0.165,0.218,4.7,1.8,-0.7,1.0,2.2,5.940000000000001,0,0,0,0.0,0,0,Chef
2010,22,74,33.6,6.8,14.2,0.48,2.0,4.6,0.442,4.8,9.6,0.498,0.551,2.9,3.1,0.934,0.7,3.2,3.9,5.8,1.5,0.3,3.1,3.1,18.6,19.4,0.595,6.5,0.281,2.2,0.006,0.16399999999999998,0.244,6.6,3.5,-1.6,1.9,2.4,6.48,0,0,0,0.0,0,0,Chef
2012,24,78,38.2,8.0,17.8,0.451,3.5,7.7,0.45299999999999996,4.5,10.1,0.449,0.5489999999999999,3.4,3.7,0.9,0.8,3.3,4.0,6.9,1.6,0.2,3.1,2.5,22.9,21.3,0.589,5.8,0.311,2.1,0.003,0.13699999999999998,0.264,11.2,6.3,-0.9,5.4,5.6,15.12,0,0,11,0.002,1,0,Chef
2013,25,78,36.5,8.4,17.7,0.47100000000000003,3.3,7.9,0.424,5.0,9.8,0.509,0.5660000000000001,3.9,4.5,0.885,0.6,3.7,4.3,8.5,1.6,0.2,3.8,2.5,24.0,24.1,0.61,6.4,0.39899999999999997,2.2,0.004,0.161,0.28300000000000003,13.4,7.4,0.0,7.4,6.7,18.090000000000003,1,0,6,0.053,1,0,Chef
2014,26,80,32.7,8.2,16.8,0.48700000000000004,3.6,8.1,0.44299999999999995,4.6,8.7,0.528,0.594,3.9,4.2,0.914,0.7,3.6,4.3,7.7,2.0,0.2,3.1,2.0,23.8,28.0,0.638,7.0,0.386,3.0,0.005,0.14300000000000002,0.289,15.7,9.6,0.3,9.9,7.9,21.33,1,1,1,0.922,1,1,Chef
2015,27,79,34.2,10.2,20.2,0.504,5.1,11.2,0.45399999999999996,5.1,9.0,0.5660000000000001,0.63,4.6,5.1,0.9079999999999999,0.9,4.6,5.4,6.7,2.1,0.2,3.3,2.0,30.1,31.5,0.669,8.6,0.337,3.0,0.004,0.129,0.326,17.9,12.4,0.1,12.5,9.8,26.460000000000004,1,1,1,1.0,1,0,Chef
2016,28,79,33.4,8.5,18.3,0.46799999999999997,4.1,10.0,0.41100000000000003,4.4,8.3,0.537,0.58,4.1,4.6,0.898,0.8,3.7,4.5,6.6,1.8,0.2,3.0,2.3,25.3,24.6,0.624,7.3,0.312,2.6,0.005,0.13,0.301,12.6,7.8,-0.4,7.3,6.2,16.740000000000002,1,0,6,0.051,1,1,Chef
2017,29,51,32.0,8.4,16.9,0.495,4.2,9.8,0.423,4.2,7.1,0.595,0.618,5.5,5.9,0.9209999999999999,0.7,4.4,5.1,6.1,1.6,0.2,3.0,2.2,26.4,28.2,0.675,9.0,0.303,2.4,0.004,0.133,0.31,9.1,9.9,-1.3,8.6,4.4,11.880000000000004,1,0,10,0.005,1,1,Chef
